dataset,class,count,proportion
mat,faible,186,0.4708860759493671
mat,moyen,109,0.2759493670886076
mat,eleve,100,0.25316455696202533
por,faible,197,0.3035439137134052
por,moyen,258,0.3975346687211094
por,eleve,194,0.29892141756548535
