dataset,threshold,low_or_equal_n,high_n,low_or_equal_pct,high_pct
mat,11.0,186,209,47.08860759493671,52.911392405063296
por,12.0,301,348,46.379044684129425,53.62095531587057
